country,count
US,9286
GB,7294
CA,708
IN,629
IE,242
DK,239
NL,215
AU,186
DE,181
,157
IT,150
FR,112
ES,94
SE,94
AE,89
PK,71
IL,66
NZ,58
BE,55
ZA,52
PH,46
SG,44
NO,43
RU,43
PL,41
TR,41
PT,40
UA,39
HK,39
CH,34
GR,32
AT,29
JP,29
NG,28
RO,28
MX,27
FI,25
CZ,23
EG,23
ID,22
BR,17
AR,17
VN,16
TH,16
CY,16
MT,16
CN,15
SA,15
MY,15
RS,15
BD,15
CO,15
MA,15
HR,14
JM,14
SI,11
BG,11
PR,11
GE,11
HU,11
QA,10
LT,10
AM,10
SK,9
LV,9
PE,9
DO,8
KR,8
BH,8
EE,7
TW,7
KW,7
AZ,6
CR,6
PA,6
KE,5
VE,5
OM,5
EC,5
DZ,4
BB,4
JO,4
LK,4
JE,4
LB,4
LU,4
CL,4
IS,3
NP,3
ME,3
GH,3
BS,3
CM,3
GG,3
BZ,3
MO,3
FJ,2
PY,2
GT,2
CW,2
MD,2
IR,2
PG,2
IM,2
TZ,2
MG,2
TN,2
BA,2
MQ,2
HN,2
GI,2
AD,2
KH,2
KZ,2
NI,2
TT,1
AG,1
BO,1
SR,1
SV,1
VG,1
MV,1
KG,1
UY,1
BW,1
RW,1
CD,1
LA,1
SO,1
MC,1
VI,1
IQ,1
AO,1
BY,1
GF,1
MN,1
NA,1
CI,1
ZM,1
SL,1
BQ,1
MM,1
ET,1
UG,1
GY,1
BM,1
AF,1
CV,1
MU,1
MK,1
