country,total_reviews
"I wasn\"\"t that impressed and checked only the bad reviews this time.",1
wrong item shipped,1
stick it to the parcel...). but it works.,1
"Amazon is one of the best.\"",1
"great communication. Great choice of everything. SSimple and secure payment method.\"",1
"February 11, 2012",1
e-books,1
your entire account may be suspended due to 1 complaint,1
be prepared to wait.,1
movies and cds (both school-related and for fun). They often have great deals on their new items as well,1
SL,1
BQ,1
"December 02, 2015",1
tells you to contact the other company's customer service department and spend 3 hours on hold with them.,1
only works with another brand. Amazon wants you to drive to the UPS store to ship back the 10 dollar item before refunding.,1
"October 31, 2014",1
"January 26, 2013",1
so I requested a return from the company. Initially contact was good,1
"April 04, 2012",1
"February 25, 2012",1
"January 20, 2012",1
I was ordering few articles totalling to 50 USD and the shipping charge on them was 180 USD),1
he said that the price advertised now is from the third party seller. So they will refund me and it will take 2 weeks before they can return my money. More frustrating because i wanted the laptop immediately that is why i paid for the fast delivery. He arranged for it to be returned via DHL at first he said i should arrange the pick up myself but i insisted he should arrange it that very moment.,1
"April 28, 2008",1
AG,1
SR,1
BM,1
SV,1
"then you need to compensate members for failing ot meet your guarantee.\"",1
"one star for you!\"",1
but Amazon does this a lot (items that will ship in 30 days or longer somtimes).   This seems rather sneaky.,1
"April 09, 2013",1
"June 01, 2012",1
"if we ever had a title or author to start with.\"",1
"x\"",1
but what wasn't clear is that this will cancel my prime account. So my prime account was canceled,1
"June 07, 2011",1
"until finally they refunded my money. But that was a very hard to find book so they can be forgiven.\"",1
GF,1
"they should be more accurate.\"",1
it was BROKEN,1
"October 08, 2015",1
it is a steep price to pay for doing the math for you. There is no limit to what the company can add onto the official exchange rate - the only rule is that they advice you of the actual exchange rate applied and the total added cost up front - which does not happen.,1
lol... who knows!,1
"February 20, 2012",1
even gives you cheaper options of that product from other merchants. They have a lot of stuff too.,1
"October 27, 2011",1
it is very difficult for other websites (where we usually have to pay shipping) to compete with Amazon.  That is why we end up placing most of our orders with Amazon.  Amazon prime was a smart idea.,1
VI,1
MU,1
MK,1
"especially from Amazon.\"",1
I realize in like 15 minutes,1
"2016\"",1
customer reviews are very helpful when purchasing a new product.,1
"even though there is plenty of other things there!\"",1
"June 16, 2012",1
quick in shipping.. What else could I say?,1
and by the time shipping is factored in (I'm a Prime member,1
games,1
"December 07, 2011",1
"December 01, 2011",1
"September 13, 2011",1
"August 24, 2011",1
"I can no longer recommend Amazon.  I hope that they will improve in the future as they used to be a great service.\"",1
"March 15, 2014",1
Amazon charges 15% plus 99cent per item if you don't fork out 40 buck a month for pro account,1
any problems are taken away by their outstanding customer service team. They impress me every time.,1
"great service.\"",1
and even some hard to find music.,1
"November 26, 2010",1
CD,1
ET,1
LA,1
GY,1
they would WAIT to ship my item so I got it in the recommended time,1
I see you). Today I check the mail for the main item... not there. I look in my Amazon account to make sure the item was Prime... it is,1
"July 16, 2015",1
