month,total_reviews,year
11,201,2020
12,254,2020
1,306,2021
2,231,2021
3,216,2021
4,259,2021
5,260,2021
6,166,2021
7,211,2021
8,214,2021
9,227,2021
10,200,2021
11,210,2021
12,251,2021
1,192,2022
2,137,2022
3,120,2022
4,134,2022
5,128,2022
6,188,2022
7,230,2022
8,227,2022
9,220,2022
10,244,2022
11,281,2022
12,447,2022
1,347,2023
2,319,2023
3,357,2023
4,296,2023
5,319,2023
6,316,2023
7,383,2023
8,345,2023
9,278,2023
10,309,2023
11,353,2023
12,395,2023
1,287,2024
2,286,2024
3,294,2024
4,282,2024
5,301,2024
6,355,2024
7,398,2024
8,377,2024
9,245,2024
